,,,,23-Feb-26,,,,,,,,,,,,,,,
PERMIT REGISTER,,,,,,,,,,,,,,,,,,,
FLEET NUMBER,KZN ABNORMAL PERMIT,DAYS LEFT ON PERMIT,FS ABNORMAL PERMIT,DAYS LEFT ON PERMIT,GP ABNORMAL PERMIT,DAYS LEFT ON PERMIT,NC ABNORMAL PERMIT,DAYS LEFT ON PERMIT,WC ABNORMAL PERMIT,DAYS LEFT ON PERMIT,EC ABNORMAL PERMIT,DAYS LEFT ON PERMIT,CROSS BORDER PERMIT (LES),DAYS LEFT ON PERMIT,TRANSNET PORT PERMIT,DAYS LEFT ON PERMIT,CROSS BORDER,DAYS LEFT ON PERMIT,MPUMALANGA
AC400,24-Aug-26,182,27-Jul-26,154,13-Feb-27,355,12-Jun-26,109,18-Aug-26,176,08-Sept-26,197,,,31-Mar-26,36,N/A,,N/A
AC405,12-Feb-26,-11,09-Sept-26,198,18-Aug-26,176,21-Aug-26,179,18-Aug-26,176,08-Sept-26,197,,,31-Mar-26,36,N/A,,N/A
AC406,24-Mar-26,29,09-Sept-26,198,18-Aug-26,176,21-Aug-26,179,18-Aug-26,176,08-Sept-26,197,,,31-Mar-26,36,N/A,,N/A
AC407,24-Aug-26,182,09-Sept-26,198,16-Mar-26,21,25-Aug-26,183,20-Aug-26,178,08-Sept-26,197,,,31-Mar-26,36,N/A,,N/A
AC408,24-Aug-26,182,30-Oct-26,249,18-Aug-26,176,21-Aug-26,179,18-Aug-26,176,08-Sept-26,197,,,31-Mar-26,36,N/A,,N/A
AC409,24-Aug-26,182,30-Oct-26,249,18-Aug-26,176,21-Aug-26,179,18-Aug-26,176,08-Sept-26,197,,,31-Mar-26,36,N/A,,N/A
AC410,24-Aug-26,182,29-Sept-26,218,18-Aug-26,176,21-Aug-26,179,18-Aug-26,176,08-Sept-26,197,,,31-Mar-26,36,N/A,,N/A
AC411,04-Dec-26,284,04-Feb-27,346,20-Nov-26,270,27-Nov-26,277,,,,,,,31-Mar-26,36,N/A,,N/A
AC305,09-Sept-26,198,11-Mar-26,16,22-Jan-27,333,23-Apr-26,59,18-Aug-26,176,02-Nov-26,252,,,31-Mar-26,36,N/A,,N/A
AC306,09-Sept-26,198,11-Mar-26,16,22-Jan-27,333,23-Apr-26,59,18-Aug-26,176,03-Nov-26,253,,,31-Mar-26,36,N/A,,N/A
AC307,24-Jan-27,335,11-Mar-26,16,22-Jan-27,333,23-Apr-26,59,18-Aug-26,176,03-Nov-26,253,,,31-Mar-26,36,N/A,,N/A
AC308,24-Jan-27,335,30-Oct-25,-116,22-Jan-27,333,23-Apr-26,59,19-Aug-26,177,03-Nov-26,253,,,31-Mar-26,36,N/A,,N/A
AC309,24-Jan-27,335,11-May-26,77,18-Aug-26,176,13-May-26,79,19-Aug-26,177,03-Nov-26,253,,,31-Mar-26,36,N/A,,N/A
AC311,24-Jan-27,335,27-Jul-26,154,22-Jan-27,333,13-May-26,79,19-Aug-26,177,31-Oct-25,-115,,,31-Mar-26,36,N/A,,N/A
AC312,24-Jan-27,335,11-Mar-26,16,20-Jan-27,331,13-May-26,79,20-Aug-26,178,03-Nov-26,253,,,31-Mar-26,36,N/A,,N/A
AC313,24-Jan-27,335,31-Oct-26,250,20-Jan-27,331,13-May-26,79,19-Aug-26,177,24-Jan-26,-30,,,31-Mar-26,36,N/A,,N/A
AC314,20-Dec-26,300,11-May-26,77,20-Jan-27,331,13-May-26,79,19-Aug-26,177,03-Nov-26,253,,,31-Mar-26,36,N/A,,N/A
AC315,20-Dec-26,300,11-Mar-26,16,20-Jan-27,331,13-May-26,79,19-Aug-26,177,03-Nov-26,253,,,31-Mar-26,36,N/A,,N/A
AC316,24-Aug-26,182,06-Apr-26,42,20-Jan-27,331,13-May-26,79,19-Aug-26,177,03-Nov-26,253,,,31-Mar-26,36,N/A,,N/A
AC317,27-Oct-26,246,06-Apr-26,42,20-Jan-27,331,13-May-26,79,19-Aug-26,177,03-Nov-26,253,,,31-Mar-26,36,N/A,,N/A
AC318,27-Oct-26,246,30-Oct-26,249,20-Jan-27,331,13-May-26,79,19-Aug-26,177,03-Nov-26,253,,,31-Mar-26,36,N/A,,N/A
AC319,24-Aug-26,182,06-Apr-26,42,20-Jan-27,331,13-May-26,79,19-Aug-26,177,03-Nov-26,253,,,31-Mar-26,36,N/A,,N/A
AC320,24-Jan-27,335,11-May-26,77,20-Jan-27,331,13-May-26,79,19-Aug-26,177,03-Nov-26,253,,,31-Mar-26,36,N/A,,N/A
AC321,27-Oct-26,246,04-Feb-27,346,20-Jan-27,331,13-May-26,79,19-Aug-26,177,03-Nov-26,253,,,31-Mar-26,36,N/A,,N/A
AC322,27-Oct-26,246,11-May-26,77,20-Jan-27,331,13-May-26,79,19-Aug-26,177,03-Nov-26,253,,-46076,31-Mar-26,36,N/A,,N/A
AC323,27-Oct-26,246,06-Apr-26,42,20-Jan-27,331,13-May-26,79,19-Aug-26,177,02-Nov-26,252,,,31-Mar-26,36,N/A,,N/A
AC324,27-Oct-26,246,06-Apr-26,42,20-Jan-27,331,13-May-26,79,20-Aug-26,178,02-Nov-26,252,,,31-Mar-26,36,N/A,,N/A
AC325,27-Oct-26,246,30-Oct-26,249,20-Jan-27,331,13-May-26,79,20-Aug-26,178,02-Nov-26,252,,,31-Mar-26,36,N/A,,N/A
AC326,24-Aug-26,182,11-May-26,77,20-Oct-27,604,13-May-26,79,20-Aug-26,178,02-Nov-26,252,,,31-Mar-26,36,N/A,,N/A
AC327,01-Apr-26,37,09-Sept-26,198,18-Aug-26,176,21-Apr-26,57,03-Sept-26,192,02-Nov-26,252,,,31-Mar-26,36,N/A,,N/A
AC328,27-Jan-27,338,30-Oct-26,249,20-Jan-27,331,21-Apr-26,57,21-Aug-26,179,02-Nov-26,252,,,31-Mar-26,36,N/A,,N/A
AC330,27-Jan-27,338,30-Oct-26,249,20-Jan-27,331,21-Apr-26,57,03-Sept-26,192,02-Nov-26,252,,,31-Mar-26,36,N/A,,N/A
AC334,01-Apr-26,37,09-Sept-26,198,18-Aug-26,176,23-Apr-26,59,03-Sept-26,192,02-Nov-26,252,,,31-Mar-26,36,N/A,,N/A
AC335,24-Aug-26,182,30-Oct-26,249,02-Dec-26,282,23-Apr-26,59,21-Aug-26,179,22-Jan-26,-32,,,31-Mar-26,36,N/A,,N/A
AC337,01-Apr-26,37,30-Oct-26,249,20-Jan-27,331,23-Apr-26,59,20-Aug-26,178,23-Jan-26,-31,,,31-Mar-26,36,N/A,,N/A
AC338,01-Apr-26,37,30-Oct-26,249,05-Jun-26,102,23-Apr-26,59,21-Aug-26,179,23-Jan-26,-31,,-46076,31-Mar-26,36,N/A,,N/A
AC341,01-Apr-26,37,27-Jul-26,154,20-Jan-27,331,23-Apr-26,59,03-Sept-26,192,22-Jan-26,-32,,,31-Mar-26,36,N/A,,N/A
AC342,24-Aug-26,182,09-Sept-26,198,18-Aug-26,176,23-Apr-26,59,20-Aug-26,178,02-Nov-26,252,,,31-Mar-26,36,N/A,,N/A
AC373,09-Sept-26,198,04-Feb-27,346,20-Sept-26,209,23-Apr-26,59,25-Aug-26,183,22-Jan-26,-32,,,31-Mar-26,36,N/A,,N/A
AC374,30-Sept-26,219,29-Sept-26,218,20-Nov-26,270,13-May-26,79,21-Aug-26,179,22-Jan-26,-32,,,31-Mar-26,36,N/A,,N/A
AC363,30-Aug-26,188,25-Mar-26,30,20-Jan-27,331,13-May-26,79,29-Sept-26,218,03-Mar-26,8,14/08/2028,#VALUE!,31-Mar-26,36,07-Oct-26,226,14-Aug-28
AC364,27-Jan-27,338,26-May-26,92,20-Jan-27,331,23-Apr-26,59,29-Sept-26,218,03-Mar-26,8,,-46076,31-Mar-26,36,N/A,,N/A
AC365,24-Jan-27,335,25-Mar-26,30,20-Jan-27,331,23-Apr-26,59,29-Sept-26,218,03-Mar-26,8,,-46076,31-Mar-26,36,N/A,,N/A
AC366,24-Jan-27,335,25-Mar-26,30,20-Jan-27,331,09-Jun-26,106,29-Sept-26,218,03-Mar-26,8,23/04/2028,,31-Mar-26,36,07-Oct-26,226,16-Mar-27
AC367,24-Jan-27,335,25-Mar-26,30,05-Jun-26,102,12-Jun-26,109,29-Sept-26,218,03-Mar-26,8,,-46076,31-Mar-26,36,N/A,,N/A
AC375 (F169),30-Sept-26,219,N/A,0,06-Jul-26,133,28-Jul-26,155,N/A,0,20-Oct-26,239,,,31-Mar-26,36,N/A,,N/A
AC376 (F156),30-Sept-26,219,N/A,0,06-Jul-26,133,28-Jul-26,155,N/A,0,22-Sept-26,211,,,31-Mar-26,36,N/A,,N/A
AC377 (F144),N/A,0,N/A,0,N/A,0,N/A,0,N/A,0,N/A,0,,,31-Mar-26,36,N/A,,N/A
AC378 (F152),N/A,0,N/A,0,06-Jul-26,133,N/A,0,N/A,0,N/A,0,,,31-Mar-26,36,N/A,,N/A
AC380 (F175),30-Sept-26,219,N/A,0,06-Jul-26,133,28-Jul-26,155,N/A,0,N/A,0,,,31-Mar-26,36,N/A,,N/A
AC381 (F154),N/A,0,N/A,0,06-Jul-26,133,N/A,0,N/A,0,N/A,0,WAITING TRAILER,WAITING TRAILER,31-Mar-26,36,N/A,,N/A
AC383 (F140),30-Sept-26,219,N/A,0,N/A,0,28-Jul-26,155,N/A,0,22-Sept-26,211,,,31-Mar-26,36,N/A,,N/A
AC384 (F171),30-Sept-26,219,N/A,0,06-Jul-26,133,28-Jul-26,155,N/A,0,22-Sept-26,211,WAITING TRAILER,WAITING TRAILER,31-Mar-26,36,N/A,,N/A
AC395 (F155),29-Sept-26,218,N/A,0,06-Jul-26,133,28-Jul-26,155,N/A,0,20-Oct-26,239,,,31-Mar-26,36,N/A,,N/A
AC386 (F174),30-Sept-26,219,N/A,0,06-Jul-26,133,28-Jul-26,155,N/A,0,22-Sept-26,211,,,31-Mar-26,36,N/A,,N/A
AC387 (F157),30-Sept-26,219,N/A,0,06-Jul-26,133,28-Jul-26,155,N/A,0,03-Sept-25,-173,,,31-Mar-26,36,07-Oct-26,226,14-Jul-30
AC388 (F159),30-Sept-26,219,N/A,0,06-Jul-26,133,21-Aug-26,179,N/A,0,03-Sept-25,-173,,,31-Mar-26,36,N/A,,N/A
AC389 (F162),21-Jul-26,148,N/A,0,06-Jul-26,133,28-Jul-26,155,N/A,0,20-Oct-26,239,,,31-Mar-26,36,07-Oct-26,226,14-Jul-30
AC390 (F165),30-Sept-26,219,11-Jul-26,138,06-Jul-26,133,28-Jul-26,155,N/A,0,22-Sept-26,211,,,31-Mar-26,36,N/A,,N/A
AC391 (F166),30-Sept-26,219,N/A,0,06-Jul-26,133,28-Jul-26,155,N/A,0,20-Oct-26,239,,,31-Mar-26,36,07-Oct-26,226,14-Jul-30
AC392 (F172),30-Sept-26,219,N/A,0,06-Jul-26,133,28-Jul-26,155,N/A,0,07-Dec-26,287,,,31-Mar-26,36,N/A,,N/A
AC394,30-Sept-26,219,N/A,0,,,27-Nov-26,277,N/A,0,,,,,,,,,
